Frame,pointx,pointy,X,Y
42,479,432,324.79407907784463,347.29318555553704
43,442,456,316.121891009346,403.3098710678334
44,413,480,295.3573459745639,457.6853164970039
