Frame,pointx,pointy,X,Y
86,632,456,682.4613210977136,20.94124232816143
90,822,451,849.169512629613,152.97587216242937
