Frame,pointx,pointy,X,Y
65,645,397,225.222530552041,226.36409325893928
69,808,439,10.227584584913599,272.72766959190506
