Frame,pointx,pointy,X,Y
31,426,412,397.511869365518,344.47331687995757
36,676,316,307.9305035008978,70.83846964026873
