Frame,pointx,pointy,X,Y
58,587,359,426.03329750371864,264.2733024508809
59,623,366,486.8748120683275,258.51414477749444
60,646,373,527.9678406113043,248.57051291034205
