Frame,pointx,pointy,X,Y
69,626,396,253.1338211573705,222.84946973314064
74,837,448,-29.510943178431283,281.94375744765904
