Frame,pointx,pointy,X,Y
91,652,456,689.1988403209868,41.77195847863835
92,717,459,748.7318624895353,79.05564676712712
94,807,452,825.7048298916557,148.98441490753623
