Frame,pointx,pointy,X,Y
118,595,358,426.63314180662223,283.72866625747236
121,708,378,600.6252764308969,278.29555015749577
