Frame,pointx,pointy,X,Y
110,827,452,854.4725311580186,142.21739652635802
116,639,457,689.2611470358094,15.212843638546108
116,485,452,544.7494046997435,-70.82116811266856
