Frame,pointx,pointy,X,Y
70,584,364,440.91985780479314,242.09249500301377
71,634,363,493.11031147481606,274.757187077392
