Frame,pointx,pointy,X,Y
60,557,427,275.41890329550057,296.88814254139913
65,783,474,-2.857557626171107,327.7991152122114
