Frame,pointx,pointy,X,Y
117,544,413,295.5443028540085,294.7084631485861
120,724,397,138.62560094386166,219.74841737144467
