Frame,pointx,pointy,X,Y
74,747,465,809.1080645800548,61.98538626181549
77,605,480,711.6671332330573,-77.33798498768604
