Frame,pointx,pointy,X,Y
58,546,347,361.2199153313251,264.7871006760058
59,584,355,428.79904075684675,255.11723809314293
60,605,359,461.79860011818664,253.66653782918428
