Frame,pointx,pointy,X,Y
53,588,361,431.1730028504758,264.77008139107477
54,624,369,495.4150364062444,255.03951457844514
