Frame,pointx,pointy,X,Y
58,594,358,431.6648062402687,271.28479359759683
59,623,366,486.8748120683275,258.51414477749444
60,649,376,538.0827438512997,240.7569032520005
