Frame,pointx,pointy,X,Y
61,602,368,435.6906261351874,280.44380941062775
67,816,417,772.3775037787685,247.41936951998125
