Frame,pointx,pointy,X,Y
53,455,422,367.6845117231201,337.84910748975267
55,366,464,367.7386474844837,454.94166873445107
