Frame,pointx,pointy,X,Y
43,607,370,467.378882788375,250.7960410706543
44,642,379,526.4761408219161,242.26277015954324
45,691,381,583.5534146431087,263.0848843287645
