Frame,pointx,pointy,X,Y
64,553,376,414.5304803310899,212.41206922197918
69,728,414,685.6377099267263,191.70590376540284
