Frame,pointx,pointy,X,Y
59,538,403,288.9524280583938,300.00026650804125
60,572,414,232.03368072840743,314.08331089670514
