Frame,pointx,pointy,X,Y
69,506,422,308.9753772820818,329.4539164422474
70,457,445,318.1936695791206,385.18923741549054
71,410,466,321.5818032304714,439.66483823057365
