Frame,pointx,pointy,X,Y
58,562,405,283.29584621132364,278.6524714638865
60,683,386,189.84157180074163,212.02015551449972
