Frame,pointx,pointy,X,Y
56,373,192,13.278738820247247,-140.49557929245668
57,310,188,-27.209421386664964,-176.00400105090955
58,264,181,-72.61966050252857,-198.70828406031615
