Frame,pointx,pointy,X,Y
147,590,177,-90.99048104848654,-85.39070189817917
149,646,221,-195.4261850718964,-67.14645020467367
150,675,237,-234.23625977498995,-67.72224984956168
