Frame,pointx,pointy,X,Y
56,362,194,13.091067719601163,-150.236500578478
57,412,198,45.87283902265527,-123.51329108399531
58,493,196,100.9152885719106,-74.72475412235424
