Frame,pointx,pointy,X,Y
40,373,187,6.14031069166636,-138.1249035885872
41,321,202,17.17328088284926,-191.92885829078313
42,298,208,19.48552209734138,-214.99878825893222
