Frame,pointx,pointy,X,Y
65,612,178,-96.85819364093912,-101.07867617491482
67,663,223,-202.3785020615308,-75.48294380906907
68,687,238,-238.47812599555894,-73.0093981547869
