Frame,pointx,pointy,X,Y
67,537,205,123.1886941089532,-42.95643096413902
68,567,217,166.09611678211283,-43.76936185154237
69,601,233,218.78776070663932,-48.7012063993426
