Frame,pointx,pointy,X,Y
119,317,147,-143.44910402273504,-110.57963038961758
124,338,231,73.70438804029507,-209.09882302666844
