Frame,pointx,pointy,X,Y
113,598,179,-97.88225067162514,-86.83720269806021
114,638,196,-145.11154773918165,-95.26332772434863
115,681,212,-191.53429083561244,-106.93982167268557
