Frame,pointx,pointy,X,Y
112,522,199,107.22247538802958,-48.393016624799486
113,558,209,152.30123472481353,-42.935042854065784
114,600,217,198.32084183349568,-33.104155222026236
