Frame,pointx,pointy,X,Y
57,627,144,-51.342664679785955,-151.87996473450403
58,671,157,-92.28992864270246,-171.58723493683402
