Frame,pointx,pointy,X,Y
54,488,161,21.141388793708863,-23.630853581088214
56,321,201,9.01512810784015,-183.37889462136724
57,299,207,11.524262172869879,-205.61814375872095
