Frame,pointx,pointy,X,Y
57,628,144,-51.63538916277899,-152.80357773583083
58,668,158,-93.56323863066277,-167.23335646121905
