Frame,pointx,pointy,X,Y
262,922,254,-346.73446865896375,-244.72445604532828
273,379,309,-299.5503793533084,276.0757090023999
