Frame,pointx,pointy,X,Y
55,354,188,-6.681334110421285,-144.773701177131
56,305,199,-4.396364529886136,-191.24624750332978
