Frame,pointx,pointy,X,Y
56,590,171,-67.56284048555752,-96.28395329230402
60,726,242,-249.41321748505786,-107.9031827968175
