Frame,pointx,pointy,X,Y
53,464,213,83.4644892205424,-93.85193119170711
61,273,110,-283.3883203848036,-78.05538570811866
