Frame,pointx,pointy,X,Y
40,342,178,-30.57135619100306,-146.92437206401954
41,301,192,-17.779299642595177,-192.21047270721837
