Frame,pointx,pointy,X,Y
45,596,170,-68.30352229292757,-105.66585116396885
49,723,246,-260.1881354617646,-97.54685548704107
