Frame,pointx,pointy,X,Y
247,658,264,302.7202185158845,-52.74272106866327
248,724,291,395.2443474141414,-51.952927879274625
249,740,300,421.6455656211305,-55.09832348255126
