Frame,pointx,pointy,X,Y
266,390,180,7.576151157812271,-117.63937589073335
267,332,195,7.131184294915222,-174.11945441628663
268,305,200,5.300427891227187,-199.54050560961738
