Frame,pointx,pointy,X,Y
54,587,160,71.65610346982142,-26.984004354418897
55,640,173,114.98497863131466,0.9777039522397967
