Frame,pointx,pointy,X,Y
81,456,403,37.44830090872705,640.7622711384935
81,493,394,15.520670967803502,616.2249929372066
82,563,383,-31.273967116703126,582.2616484170218
83,629,378,-79.08111605823579,560.2400480890409
83,674,374,-111.98018066767946,543.9838802101144
85,748,379,-174.4640757427976,537.2375613523586
86,811,386,-228.05452573911563,536.260232256088
87,837,388,-249.0833602720118,534.5733921808155
