Frame,pointx,pointy,X,Y
89,494,293,-61.74905678200106,276.3163462349858
94,284,354,-6.246168031880685,9.933835800907934
