Frame,pointx,pointy,X,Y
15,772,270,-103.29793514434598,335.46275944634556
21,1115,247,-375.1942470819713,252.2823886482529
