Frame,pointx,pointy,X,Y
41,1046,388,-394.3666397488434,495.4026680522135
55,493,215,179.68948970647918,270.78794677094817
