Frame,pointx,pointy,X,Y
16,681,285,-35.37845765127265,379.4016520029711
16,721,283,-68.62024234861141,368.376909864147
17,731,284,-78.28426050234371,368.31431890114845
