Frame,pointx,pointy,X,Y
81,456,405,34.47652168781251,644.8746300241298
81,489,393,18.54161131299369,615.7267310329427
82,565,384,-34.52681596327126,583.7698008637876
83,629,378,-80.32818660769743,560.3821979768184
84,657,376,-100.99593660454593,551.0957001314745
85,752,380,-179.1751051095631,538.1516619166326
86,811,384,-227.37402684705563,532.9544796895137
87,834,387,-246.52936924465882,533.5220459465454
